Buoy,SST_mean_2017,Salinity_mean_2017,pH_mean_2017,SST_mean_2018,Salinity_mean_2018,pH_mean_2018
Bayview,10.75014988,28.81499415,7.887817969,11.15088347,29.00046966,7.880122569
Bellingham,13.41308139,20.51858084,NA,NA,NA,NA
Bodega,12.63716919,NA,NA,12.28254988,NA,NA
Carr Inlet,12.90633796,27.89909373,7.689991897,12.29291909,28.65988017,7.965850821
Coos,12.03186078,26.68709213,7.730540217,12.1024679,NA,7.698436552
Homer,8.393892463,28.4914979,7.886466524,NA,NA,NA
Netarts,12.03562155,30.32044983,7.99833705,12.4742553,31.46004442,7.963223877
Tokeland,12.70451383,25.52346262,7.913298947,12.05284314,25.82249621,8.060267772